#lift forward reverse		
0.0	0.0	0.0
1.0	0.016191683	0.016191683
2.0	0.033445676	0.033445676
3.0	0.047151625	0.047151625
4.0	0.056871505	0.056871505
5.0	0.066380101	0.066380101
6.0	0.075722785	0.075722785
7.0	0.084565985	0.084565985
8.0	0.093062759	0.093062759
9.0	0.100058171	0.100058171
10.0	0.106298427	0.106298427
		
		
		
		
		
		
		
		
		
		
		
		
		
		
		
		
		
		
		
		
		
		
		
		
		
		
		
		
		
		
		
		
		
		
		
		
		
		
		
		
		
		
		
		
		
		
		
		
		
		
		
		
		
		
		
		
		
		
		
		
		
		
		
		
		
		
		
		
		
		
		
		
		
		
		
		
		
		
		
		
		
		
		
		
		
		
		
		
		
